{
  "0": [
    {
      "text": "_____________ day of 2018",
      "probability": 1.8744205476650677e-07,
      "start_logit": 1.8744205476650677e-07,
      "end_logit": 1.8744205476650677e-07
    }
  ]
}